sl_number,name,rank,salary
0800 1111,Rae,Curabitur Egestas Nunc LLP,5654200
0845 46 41,Raven,Malesuada Fringilla Industries,4278104
(019387) 26825,Gillian,Malesuada Id Erat Foundation,12549289
0800 448723,Kristen,Elit Corporation,18468690
(013168) 30564,Aimee,A Mi Associates,40249009
(0141) 709 8974,Noah,Cursus A Enim LLC,16267998
(0113) 505 8996,Mechelle,Torquent Per PC,26469032
0877 808 2587,Jerry,Augue Malesuada Associates,7780321
0845 46 48,Lillian,Lectus Rutrum Urna Corporation,75649040
0845 46 42,Basia,Nam Tempor LLP,55514317
0800 1111,Priscilla,Faucibus Ut Nulla Associates,2404571
(01218) 548910,Katelyn,Non Leo Vivamus Limited,22867467
07624 861269,Grant,Velit Eu Corporation,44731547
07869 330672,Lacey,A Limited,79118140
(01496) 763789,Amery,Habitant Morbi Ltd,652794
(024) 9655 8431,Ahmed,Lobortis Industries,31330989
(0101) 934 1715,Brendan,Cursus Integer PC,99771563
076 4233 4539,Abbot,Imperdiet Nec Inc.,60706277
0800 177 1394,Hop,Id Blandit At LLC,51287027
0800 1111,Sebastian,Nisi Nibh Corp.,93521303
055 3160 1731,MacKensie,Cubilia Curae; Phasellus Company,40710262
(01873) 29742,Felicia,Dui Consulting,83308828
055 8421 7453,Dawn,Tellus Suspendisse Sed Institute,85429256
0845 46 41,Kirby,Risus Nunc Incorporated,10455134
0858 583 4863,Harlan,Phasellus Nulla Associates,89026413
(016977) 9807,Marshall,Vestibulum PC,93751245
(020) 8275 2645,Ivana,Lacinia At Iaculis Incorporated,79139896
(026) 6212 6879,Robin,Habitant Morbi Corporation,52217031
076 0666 6097,Aiko,Velit Eget Corp.,69303484
0844 890 9079,Hayden,Enim Nunc Ut Foundation,332644
07624 001430,Lewis,Donec Ltd,27380137
(0110) 671 6500,Dominic,Dolor Vitae Dolor Inc.,32413879
0500 297269,Graham,Turpis Limited,25822339
0848 923 5863,Wing,Malesuada Malesuada Integer PC,92291222
0800 494814,Lee,Sit Amet Associates,49801936
(0171) 421 4833,Allen,Nulla At Consulting,81834368
056 4538 1796,Avram,Adipiscing Elit Corporation,53826355
(01768) 15089,McKenzie,Eu Augue Institute,51801227
0846 195 2808,Shelly,Pharetra Nam Ltd,11484262
056 5776 6338,Evelyn,Vel Company,567307
055 3408 4606,Tyler,Aliquam Tincidunt PC,39555878
0845 46 48,Lee,Mattis Ornare Inc.,98323066
0800 1111,Kennedy,Vulputate Incorporated,16731151
0800 970282,Amos,Odio Nam Interdum Consulting,65418345
(01992) 78141,Rana,Metus Vivamus Corporation,36473299
0903 370 2407,Cain,Ac Eleifend Corporation,91470183
(0117) 498 7690,Drew,Tristique Senectus Institute,99496815
0800 235384,Rudyard,Sed Corp.,42540445
055 8258 8571,Xantha,Suspendisse Institute,7400827
055 5705 5719,Kadeem,Ipsum Primis In Inc.,31843415
(0181) 878 2342,Mufutau,Nunc LLC,82389281
(011037) 79592,Ivor,Elit Corp.,88040011
07624 504049,Stewart,Rutrum Fusce Dolor Limited,14110157
(01704) 201781,Maris,Aliquam Ultrices Iaculis Inc.,61070451
(016977) 0511,Ima,Sed Corp.,6970583
(024) 5845 8397,Asher,Ac Mattis Industries,35234077
07624 501090,Kellie,Convallis Dolor LLC,46942440
056 3208 6077,Elmo,Sed Et Libero Incorporated,33305541
0986 751 7847,Macaulay,Tincidunt Ltd,31168924
0843 878 9261,Vance,Non Consulting,54850791
0828 338 9855,Indira,Vehicula Et Corporation,77476169
(0110) 874 7600,Rama,Amet Orci Ut Limited,82185099
(0110) 952 2633,Tamekah,Aliquam Erat Volutpat Incorporated,33988583
0845 46 49,Upton,Tincidunt Aliquam Arcu Corporation,20239542
(0116) 607 4420,Cameran,Dui Lectus Limited,21576674
0816 238 5738,Lisandra,Semper Pretium Neque Corp.,29404633
076 7077 4826,Herman,Urna Nec Associates,42435016
07693 125319,Nissim,Urna Inc.,26495720
0800 1111,Paula,Metus Eu Foundation,5500361
070 9367 5154,Louis,Felis Orci Corporation,23432768
07382 801372,Buckminster,Sit Company,18857051
(01006) 30793,Zachary,Aliquet PC,15518843
0800 555 8199,Randall,Nulla Tempor Consulting,54239752
076 0053 0125,Riley,Cras Inc.,30717782
(01029) 46085,Justin,Nonummy Ultricies Foundation,60815858
(017083) 53600,John,Posuere PC,9540637
(01596) 02773,Marsden,Facilisis Non Ltd,15140337
056 7414 0188,Herman,Ullamcorper Duis Cursus PC,93886285
076 6306 0031,Seth,Vel Industries,5984534
070 3690 2862,Curran,Ornare Fusce Mollis Corp.,140206
076 8765 0841,Brandon,Velit In Aliquet Corporation,22143572
(016977) 0445,Macon,Quam Quis Incorporated,58871360
0307 764 3175,Levi,Condimentum Donec Inc.,11654962
07624 045888,Adrian,Tempor Bibendum Donec PC,37741956
(012014) 03382,Ezekiel,Aenean Eget Industries,57061815
07430 446887,Jonah,Metus Associates,56082200
(029) 8349 9938,Lamar,Aliquet Sem Ut Company,4439566
0800 529136,Adria,Lectus LLP,28544851
(01563) 645529,Heidi,Gravida Nunc Inc.,83225082
(01892) 39936,Yoshi,Et Ipsum Cursus Consulting,63726287
0374 856 8624,Rina,Mi Felis Adipiscing Consulting,45826632
(023) 9446 4288,Fuller,Ornare Lectus Corp.,50286932
(01081) 403744,Wayne,Pellentesque A Company,12241201
0500 703427,Brielle,Lobortis Incorporated,39349153
0824 551 5497,Anika,Nascetur Ridiculus PC,49776264
056 0960 2743,Paki,Ullamcorper Magna Corp.,97511361
(01201) 256237,Garth,In LLP,93644144